x,y,surface_elevation,bottom_depth,water_depth,timestamp,confidence
22.83432904941249,0.5744084787758439,2.717707550892402,-4.875245307659797,7.592952858552199,2025-10-15T11:22:54.783466,0.2576659267519367
-23.832423807054106,7.485426504751061,3.0742281808465317,-4.312815537665095,7.387043718511627,2025-10-15T11:22:54.883466,0.31116465506141167
21.635152747093052,-3.1586570530267757,2.7657295262312465,-4.854664999725402,7.620394525956648,2025-10-15T11:22:55.083466,0.40130405722939644
-15.094098428150438,13.373543589035677,2.6235511230974247,-3.7634950540373664,6.387046177134791,2025-10-15T11:22:55.183466,0.2252765099778694
-22.64724309266224,22.85305320365041,2.9308092644127064,-3.9665624619021456,6.8973717263148515,2025-10-15T11:22:55.283466,0.30566613834308937
-21.357198502145476,-20.511328698536154,2.9367221146867406,-3.8396568414600205,6.776378956146761,2025-10-15T11:22:55.383466,0.2814158980366039
11.67713169733726,-14.003795335418118,2.84057896357065,-4.583575940476965,7.424154904047615,2025-10-15T11:22:55.483466,0.2003148683298729
-19.989563454034553,-24.084274735924232,3.007234655024484,-3.866414251877086,6.87364890690157,2025-10-15T11:22:55.583466,0.23786501846362623
-23.380301659889803,16.003226027746706,2.914202466929642,-3.978317285321964,6.892519752251606,2025-10-15T11:22:55.683466,0.19579778207735146
20.482560589246354,-6.531474494742788,2.699815913361857,-4.772958653834663,7.47277456719652,2025-10-15T11:22:55.783466,0.32303640290377733
-15.937623512387377,15.705194769719036,2.7261087623598272,-3.7058513123867183,6.431960074746545,2025-10-15T11:22:55.883466,0.5549849075872766
9.121596731990714,17.495175082951143,2.8310557377893235,-4.808424436671661,7.639480174460985,2025-10-15T11:22:55.983466,0.22130860109396006
-9.789029051857373,17.63560146201459,2.446844854521176,-3.569193182776635,6.016038037297811,2025-10-15T11:22:56.083466,0.2036918313475863
16.748705839432972,17.13542993926047,2.648131063892483,-4.536267555733383,7.184398619625867,2025-10-15T11:22:56.283466,0.3543676059592387
-18.702697962196503,11.069708085281086,2.912289563398919,-4.022904359380697,6.935193922779616,2025-10-15T11:22:56.383466,0.34733996430031355
12.148597039775375,9.635414830484166,2.8992443474925618,-4.788790131747137,7.688034479239699,2025-10-15T11:22:56.483466,0.558592858139451
8.971199397092512,10.139592493825702,2.982735854372299,-4.717622069838044,7.700357924210343,2025-10-15T11:22:56.583466,0.4297424840291384
12.159201520388024,-24.86321547423886,2.9051866207519637,-4.518493207416401,7.423679828168364,2025-10-15T11:22:56.683466,0.2563639227133761
-2.064611873954032,-0.8651673130435036,2.84868887719006,-4.46974119053742,7.31843006772748,2025-10-15T11:22:56.783466,0.17326401281437856
9.59593999756651,0.5293590967382578,3.0577195926624263,-5.228670147301579,8.286389739964005,2025-10-15T11:22:56.883466,0.4590985721021901
-23.564885501738182,-3.4282947516019675,3.087143086563415,-4.544672341706639,7.631815428270054,2025-10-15T11:22:57.083466,0.5247143604663473
-5.260666306121308,15.608043965460396,2.5254162176569688,-3.8079781053920456,6.333394323049014,2025-10-15T11:22:57.283466,0.24577147682572134
1.9929899837643,-15.69433965393957,2.8156547078455425,-4.1238952870186045,6.939549994864147,2025-10-15T11:22:57.383466,0.21157302092124441
-3.1472935302018215,-10.317869168017562,2.6929279926206258,-4.281115399254369,6.974043391874995,2025-10-15T11:22:57.483466,0.18388007798740136
-16.738032903188316,7.274490315297086,2.8610910400657397,-4.123631729083185,6.9847227691489255,2025-10-15T11:22:57.583466,0.3345233194634391
21.23228856101956,7.794906485340178,2.7626182505982033,-4.700454547550942,7.463072798149145,2025-10-15T11:22:57.783466,0.2687795005822361
13.470976622007072,-10.433849695634812,2.7977174384965147,-4.833870559621733,7.631587998118247,2025-10-15T11:22:57.883466,0.24900241951122454
9.146714241450901,9.408881034982237,2.9786565581854125,-4.717622069838044,7.696278628023457,2025-10-15T11:22:57.983466,0.6690371937440389
8.738987887369568,-18.906468056972276,2.9353707445548296,-4.4177288019972485,7.3530995465520785,2025-10-15T11:22:58.083466,0.29570474236517397
-5.617000938413895,12.302385342869833,2.4806978743536447,-4.060513738383407,6.541211612737052,2025-10-15T11:22:58.183466,0.213110900031095
-3.6869259677677633,5.95703578961891,2.6817848385234697,-4.275852192847161,6.957637031370631,2025-10-15T11:22:58.283466,0.4259351419352258
8.819903080153594,-21.023416895820407,3.0061131041886284,-4.602002002881344,7.608115107069972,2025-10-15T11:22:58.483466,0.30681910278577373
-6.556802613426306,18.75269764864477,2.6202942637020463,-3.881626188602077,6.501920452304123,2025-10-15T11:22:58.583466,0.23324782887986573
-4.692812453874858,3.4040357342756558,2.6767915329005327,-4.275852192847161,6.952643725747693,2025-10-15T11:22:58.683466,0.3452636697537624
-9.804677413036345,-16.5318972656245,2.548927089161242,-3.86228803957928,6.411215128740522,2025-10-15T11:22:58.783466,0.29061381588750423
-3.3666477495168756,-2.305253663939883,2.8091145323495095,-4.46974119053742,7.278855722886929,2025-10-15T11:22:58.983466,0.20966264072900104
-22.374071618276204,23.551494512599866,3.059803644401488,-3.8079658734036173,6.8677695178051055,2025-10-15T11:22:59.083466,0.31091249387563835
-16.20619452117445,4.530387937774442,2.892984593755997,-4.123631729083185,7.016616322839182,2025-10-15T11:22:59.183466,0.3664077833999245
-4.701996121869893,15.977673456855001,2.5293259133702293,-3.8079781053920456,6.337304018762275,2025-10-15T11:22:59.383466,0.24216692434936024
20.097978610053687,-23.338640270512755,2.657625535866466,-4.268245176545335,6.925870712411801,2025-10-15T11:22:59.483466,0.26817016621895184
-5.258323599303651,-5.027545689266482,2.660740651085832,-4.236803708428566,6.897544359514398,2025-10-15T11:22:59.583466,0.4028859546507178
14.357505427383629,2.016377382093836,2.9225794254031796,-5.079982096724265,8.002561522127445,2025-10-15T11:22:59.683466,0.2521727945099645
-24.16258668156393,16.632303164115847,2.9039955049197106,-4.038209042138801,6.942204547058512,2025-10-15T11:22:59.783466,0.20061404605357286
16.23251449530308,9.555072623382557,2.7758168669266903,-4.843683459435849,7.619500326362539,2025-10-15T11:22:59.883466,0.2326074966153366
-4.914139592776063,5.608210429475708,2.718150405716382,-4.275852192847161,6.994002598563543,2025-10-15T11:22:59.983466,0.6055729420898825
15.795602443759037,-3.316901106288018,2.8919150124346595,-5.093389943206856,7.985304955641515,2025-10-15T11:23:00.083466,0.4146095392094526
-14.70441373069563,0.5292089101282045,2.8353969256451297,-3.9990047951272123,6.834401720772342,2025-10-15T11:23:00.183466,0.5196407360741288
-10.601444333913024,-1.7602741073231272,2.716979082249262,-4.061324660533472,6.778303742782734,2025-10-15T11:23:00.383466,0.40249584135046623
-5.936185946713664,18.143474616060317,2.5549065686648005,-3.881626188602077,6.436532757266877,2025-10-15T11:23:00.583466,0.2021558805119149
19.48440507406434,6.2224687428798156,2.7248835345508313,-4.901457696093971,7.626341230644802,2025-10-15T11:23:00.683466,0.42121370643734724
-20.41919440098269,-7.543089911591473,2.977759842688698,-4.160826120147155,7.138585962835853,2025-10-15T11:23:00.883466,0.21932658656172502
3.2737727684858626,7.613587538649874,2.9237360526448777,-4.797456331109446,7.721192383754324,2025-10-15T11:23:00.983466,0.2989648308665006
-12.137987139135491,-10.90627311856746,2.5430649602159785,-4.125308091280091,6.668373051496069,2025-10-15T11:23:01.083466,0.6202151414659283
3.8741075791799346,15.695831958222122,2.683702203449699,-4.413172104025268,7.096874307474967,2025-10-15T11:23:01.183466,0.2821010510768362
-8.726114947963115,-11.101923588366208,2.5071493947119547,-3.954309475834961,6.461458870546916,2025-10-15T11:23:01.383466,0.38844756174688627
21.166852425872342,18.239797381144136,2.539253063603421,-4.462948034385405,7.002201097988825,2025-10-15T11:23:01.483466,0.4794677894932105
20.925359868613633,9.870077250667286,2.488565725876639,-4.700454547550942,7.189020273427581,2025-10-15T11:23:01.583466,0.2870665076101312
-1.7110713736097338,5.2189020932796275,2.6883812656987764,-4.3199766842297,7.0083579499284765,2025-10-15T11:23:01.683466,0.2083596563757779
12.536907789720317,-9.534672151931922,2.7956254118567134,-4.828261310851161,7.623886722707875,2025-10-15T11:23:01.783466,0.20172470137855586
21.88553908612245,5.0149502885436945,2.731759049828309,-4.614585386837767,7.346344436666076,2025-10-15T11:23:01.983466,0.2562876422303162
13.874321663491138,2.47838034084419,2.9040725442563864,-5.079982096724265,7.984054640980652,2025-10-15T11:23:02.283466,0.32921793837725327
-4.847801108172149,11.764219702043391,2.5077966078228418,-4.014599953277175,6.522396561100017,2025-10-15T11:23:02.383466,0.26601038778084024
19.350428466994593,-7.110411595555284,2.739013293204417,-4.812712598031978,7.551725891236395,2025-10-15T11:23:02.483466,0.20837256953480565
-18.662463809991813,12.888796925834015,2.832758168693632,-3.8244806699572784,6.65723883865091,2025-10-15T11:23:02.583466,0.25522054257533106
10.763763710525467,12.84342937437222,2.873210655112938,-4.757337402732437,7.630548057845376,2025-10-15T11:23:02.683466,0.4768767862916746
2.6136145494918424,14.483362174006466,2.8120732315634918,-4.3697099520625144,7.181783183626006,2025-10-15T11:23:02.783466,0.2701322967328618
18.620305690065273,-1.7185420171836547,2.71188671318139,-4.87659103235986,7.58847774554125,2025-10-15T11:23:02.883466,0.4319520419595167
-16.236787994337774,18.15636688458077,2.78310939605587,-3.692779695619188,6.475889091675057,2025-10-15T11:23:02.983466,0.35707459128814245
-4.359223772087944,17.795857043854312,2.5540144282927395,-3.9507162480252838,6.504730676318023,2025-10-15T11:23:03.083466,0.20820215377796483
-1.8862603149180757,-0.17426457873980183,2.8509980535275052,-4.759908883102496,7.610906936630002,2025-10-15T11:23:03.183466,0.20693137488004903
10.245371817166706,2.9755315903031274,3.0677066054100024,-5.075782022179292,8.143488627589296,2025-10-15T11:23:03.283466,0.4639041469812323
-4.4229438269113786,23.794193066958535,2.59171287321204,-3.620609527225298,6.212322400437338,2025-10-15T11:23:03.383466,0.21874713943229146
15.487242134899702,0.9589499477140997,2.886060362874362,-5.071618888793681,7.9576792516680435,2025-10-15T11:23:03.483466,0.6397609526387833
17.301478126846902,21.67819064335366,2.7800260960608907,-4.463468609015804,7.243494705076694,2025-10-15T11:23:03.583466,0.26466294936510426
4.156156621298301,-22.676081604754977,2.94189107392642,-4.228988542528195,7.170879616454615,2025-10-15T11:23:03.683466,0.3111173149631749
13.754188184709633,20.203084641684796,2.7147764727315247,-4.6507992037644295,7.365575676495954,2025-10-15T11:23:03.783466,0.39616079252645625
16.70691880541486,-10.328523925592032,2.764318037084034,-4.9046222032782785,7.668940240362312,2025-10-15T11:23:03.983466,0.34204332317533975
-8.397676448361342,-7.12918169986045,2.5921664193262917,-3.924969569021612,6.517135988347904,2025-10-15T11:23:04.083466,0.3142757173293211
-0.6991075744482664,2.3785697614393584,2.9075223023562575,-4.594803762171338,7.502326064527596,2025-10-15T11:23:04.183466,0.20670439735392215
9.372828765916111,-20.60785135514992,2.945726909265079,-4.4177288019972485,7.363455711262327,2025-10-15T11:23:04.283466,0.2485753229903285
19.040373624784344,4.074513982394091,2.746755671245368,-5.01705715290133,7.763812824146698,2025-10-15T11:23:04.383466,0.34853801169807613
19.770614689828314,5.68201343768439,2.7322146670097522,-4.901457696093971,7.633672363103723,2025-10-15T11:23:04.483466,0.3070868291094435
-9.981299681169437,14.07881085106132,2.430619343396142,-3.841480766929406,6.272100110325548,2025-10-15T11:23:04.583466,0.36011779474616984
-22.145207036850163,-16.604627526673777,2.795546634019426,-3.861393455941182,6.656940089960608,2025-10-15T11:23:04.683466,0.20494163103464386
-11.107363044986801,-4.995713480733187,2.642411357073935,-4.00317273024114,6.645584087315075,2025-10-15T11:23:04.783466,0.37128073805453893
-20.947104027568592,-7.706443074383284,2.9805430519339784,-4.160826120147155,7.1413691720811325,2025-10-15T11:23:04.883466,0.212231324803113
-3.485889387075275,-2.175348230266767,2.656351612989484,-4.46974119053742,7.1260928035269036,2025-10-15T11:23:04.983466,0.24987891354372277
-8.34793788330731,0.5858177318202635,2.6276674396103394,-4.077450319897127,6.705117759507466,2025-10-15T11:23:05.083466,0.17030868893865317
6.006325750131559,15.251978214913372,2.823531534143738,-4.576128895713541,7.3996604298572795,2025-10-15T11:23:05.183466,0.6543085888559186
-2.2436962231046067,21.944093651562348,2.589631919500882,-4.1039076632924445,6.693539582793326,2025-10-15T11:23:05.383466,0.43435100231089757
12.824230392976752,14.397938630230215,2.82804024778949,-4.712048898383137,7.540089146172627,2025-10-15T11:23:05.483466,0.27821914460700414
-24.63888099274535,-16.045632294873563,3.0185363850745284,-3.861393455941182,6.879929841015711,2025-10-15T11:23:05.583466,0.2250997038642247
-21.014045296100946,17.027130590370838,2.8925067262209456,-3.781332784846839,6.673839511067785,2025-10-15T11:23:05.783466,0.20712183693989233
13.609843338301118,24.256225726827473,2.929617027336218,-4.588249625595841,7.517866652932059,2025-10-15T11:23:05.883466,0.47725384612062927
13.87093639801951,9.931942151644392,2.8272875757615092,-4.84251251912483,7.669800094886339,2025-10-15T11:23:05.983466,0.41071874138968256
15.853531417350126,-0.6257199292114599,2.93876802680616,-5.174466805715396,8.113234832521556,2025-10-15T11:23:06.283466,0.2934595099883265
13.726811498085269,-17.257018487452534,2.7317581199896717,-4.503288856773624,7.235046976763296,2025-10-15T11:23:06.383466,0.37907084728649376
-0.24040189937249323,7.055645544126563,2.776705063609243,-4.643906732272998,7.420611795882241,2025-10-15T11:23:06.483466,0.20786153471230703
18.166309761892954,5.484708023988755,2.8224841493353052,-4.901457696093971,7.723941845429276,2025-10-15T11:23:06.583466,0.3401449263527956
-3.4522729462557393,-9.04527276836059,2.5632230858001037,-4.389835664948195,6.953058750748299,2025-10-15T11:23:06.683466,0.3250987590887111
12.843089787749498,-1.4725364905211364,3.0358246165377176,-5.148598305161932,8.18442292169965,2025-10-15T11:23:06.783466,0.29307356113506533
24.310839743922017,-0.47987255498978953,2.678926731916339,-4.514827128293294,7.1937538602096325,2025-10-15T11:23:06.883466,0.5616511133973618
-12.74953953737712,-18.59958245485514,2.6402416995777136,-3.728867878416078,6.369109577993791,2025-10-15T11:23:06.983466,0.30589817717608536
-16.27365830280121,17.66224826150411,2.674406740277116,-3.692779695619188,6.367186435896304,2025-10-15T11:23:07.083466,0.28157476638740697
-4.067137228487788,-20.55455269343387,2.5838153077298616,-3.7984231541511626,6.382238461881024,2025-10-15T11:23:07.183466,0.5900498890646619
-6.2290744168270855,16.88209468185901,2.5889130083168235,-3.8079781053920456,6.396891113708869,2025-10-15T11:23:07.283466,0.315167953971932
-9.961067718740784,21.173904403402517,2.6546070768818497,-3.5037921608880174,6.158399237769867,2025-10-15T11:23:07.383466,0.6612436743381686
17.782006537166147,1.7508494762584768,2.7969910983881356,-5.038372659314126,7.835363757702261,2025-10-15T11:23:07.483466,0.3394678520758025
-12.252621768166161,-2.031904704586335,2.7636622395426507,-4.061324660533472,6.824986900076123,2025-10-15T11:23:07.683466,0.4040859369987913
-13.955716740738206,-9.602705384789129,2.690498790340313,-3.9475796926299287,6.638078482970242,2025-10-15T11:23:07.783466,0.48745292231500204
3.464247006034178,19.096922458648166,2.8662255627494377,-4.325547635700567,7.191773198450004,2025-10-15T11:23:07.883466,0.29770636569079617
-19.044618759853776,12.641624917607274,2.8757177123294584,-4.056481748710975,6.932199461040433,2025-10-15T11:23:07.983466,0.34461077013979186
-7.4765334114155415,-12.123493850984024,2.49960831928831,-3.9637491301622907,6.4633574494506005,2025-10-15T11:23:08.183466,0.2382489457300188
7.687844360028613,-18.412215595129616,2.9147257243871354,-4.4177288019972485,7.332454526384383,2025-10-15T11:23:08.283466,0.3342448045119403
-5.195291845195776,16.471650312237976,2.477299278208765,-3.8079781053920456,6.2852773836008105,2025-10-15T11:23:08.383466,0.36139657271453685
-17.438449648386047,13.492232033362342,2.770534946887988,-3.8244806699572784,6.5950156168452665,2025-10-15T11:23:08.583466,0.40276783833800966
-14.140698470258123,-13.983075868408717,2.625238280349781,-3.6637427812176,6.288981061567381,2025-10-15T11:23:08.683466,0.24790954548600466
-13.556362916358495,-9.090571466892051,2.72133058964207,-3.9475796926299287,6.668910282271998,2025-10-15T11:23:08.983466,0.4175772382885618
19.145249750181122,-7.7990783862011135,2.6213988941365303,-4.812712598031978,7.434111492168508,2025-10-15T11:23:09.083466,0.21514187321342582
13.297517175557175,-1.5372670916682374,3.0172984057148096,-5.148598305161932,8.16589671087674,2025-10-15T11:23:09.183466,0.2792482082911579
12.831485931675452,15.634924436791579,2.850483474938062,-4.857799237004251,7.708282711942313,2025-10-15T11:23:09.283466,0.301243732670702
-6.765537205165341,19.48069314788897,2.565496806185243,-3.881626188602077,6.447122994787319,2025-10-15T11:23:09.483466,0.2872399958911929
-3.8255773427256834,-19.316677255017815,2.6272381218227903,-3.829395192615725,6.456633314438515,2025-10-15T11:23:09.583466,0.31446306012434827
-24.85091962494128,-14.691455756058435,2.9125041180756868,-4.159965779127654,7.072469897203341,2025-10-15T11:23:09.683466,0.5661443393561622
9.885545370517399,-13.085447513964226,2.89186747487964,-4.783970869337195,7.675838344216835,2025-10-15T11:23:09.783466,0.5694996550110807
5.852962504082054,2.1650976414215926,3.019446110694543,-4.824328234687781,7.843774345382323,2025-10-15T11:23:09.883466,0.24099437944964835
21.044513100753484,-6.646612094994147,2.6342859255490545,-4.772958653834663,7.407244579383717,2025-10-15T11:23:09.983466,0.610152831717918
18.524254373056756,-8.99111578930788,2.660525169901812,-4.751072461884229,7.411597631786041,2025-10-15T11:23:10.083466,0.2982822818899166
-8.987513146147492,15.884423191711605,2.521884983151473,-3.841480766929406,6.363365750080879,2025-10-15T11:23:10.183466,0.25758128486894
-15.66119148282068,-5.2210546858799205,2.862254480680206,-4.0050078932651,6.867262373945306,2025-10-15T11:23:10.283466,0.42078391071546456
-10.203812746377272,-24.297321179477095,2.6075212140977144,-3.618679133963047,6.226200348060761,2025-10-15T11:23:10.383466,0.3889962765276995
1.645960732533446,16.044723956898984,2.693855833306491,-4.3697099520625144,7.063565785369006,2025-10-15T11:23:10.483466,0.37941932315475874
-7.0848839775339165,-15.384197884897405,2.5246784362113237,-3.7690200138027894,6.293698450014113,2025-10-15T11:23:10.583466,0.25229208459648417
-1.4355750647493615,-11.71966075756457,2.6196088659184156,-4.281115399254369,6.9007242651727845,2025-10-15T11:23:10.683466,0.31204108875939984
-23.707315223918673,11.773508177172666,2.955553585557525,-4.1686201851937685,7.124173770751293,2025-10-15T11:23:10.783466,0.4056175346425687
5.7416800682902185,-8.464155923585441,3.033140812410159,-4.824294903747606,7.857435716157765,2025-10-15T11:23:10.983466,0.5545111316569982
14.07028308580552,-9.71946622502497,2.8994181509787236,-4.833870559621733,7.733288710600457,2025-10-15T11:23:11.083466,0.4376707302371536
20.85299644441956,-3.2907225053161895,2.7488272017681052,-4.854664999725402,7.603492201493507,2025-10-15T11:23:11.183466,0.2402234410883252
-0.1826796824287058,-23.479405957947975,2.803697675934576,-4.023996760321289,6.8276944362558645,2025-10-15T11:23:11.283466,0.31825963485791275
-10.831519683002949,3.414275588942779,2.778557144738025,-4.103273041951025,6.881830186689049,2025-10-15T11:23:11.383466,0.26751657093571757
-12.400370769209907,-12.833324650314243,2.514541444305619,-3.7659044725332462,6.280445916838865,2025-10-15T11:23:11.483466,0.3169100746979352
19.021075401699825,8.765088262757153,2.682624127400464,-4.825714751322852,7.5083388787233165,2025-10-15T11:23:11.583466,0.3442698799724627
4.16959842251104,19.207177798460847,2.8882131456309663,-4.325547635700567,7.213760781331533,2025-10-15T11:23:11.683466,0.3886535089118206
-13.841313628502327,-14.490542887364127,2.6429463215628632,-3.6637427812176,6.306689102780464,2025-10-15T11:23:11.783466,0.2852877366504487
23.016904059819225,-21.627575570585712,2.508201287137839,-4.050670776746822,6.55887206388466,2025-10-15T11:23:11.883466,0.36477335021446017
-16.866898580958058,12.099398566548594,2.8321860457262322,-3.7634950540373664,6.595681099763599,2025-10-15T11:23:11.983466,0.587568872120437
15.73955683908553,8.751817986150613,2.7270560690428107,-4.843683459435849,7.57073952847866,2025-10-15T11:23:12.083466,0.46567387411804556
-3.4979732419753837,6.7262182680176466,2.7526956959144537,-4.275852192847161,7.028547888761615,2025-10-15T11:23:12.183466,0.2270061170920469
-21.89975217845764,-8.80738991975377,2.9338624428924853,-4.4130789782511455,7.346941421143631,2025-10-15T11:23:12.283466,0.21844823105870234
-10.740270593135193,24.09238789674537,2.634843723299136,-3.8122643740637097,6.447108097362846,2025-10-15T11:23:12.383466,0.44760409228250503
4.620281624112561,-6.053079431209703,2.9862330347523156,-4.732027959025055,7.7182609937773705,2025-10-15T11:23:12.483466,0.33737055736973864
2.267850687232581,-3.562347598134501,3.0026438764071086,-4.853432843384883,7.856076719791991,2025-10-15T11:23:12.583466,0.5541909807247996
-1.4752035093024958,12.23903678254122,2.6464401879772446,-4.131589598753448,6.778029786730692,2025-10-15T11:23:12.683466,0.3359855056489667
11.335209482792102,-22.154303519937855,2.9349507284118386,-4.428546369114729,7.363497097526567,2025-10-15T11:23:12.883466,0.28114353399411396
13.60894198746702,-10.822146686973033,2.803814542586671,-4.833870559621733,7.637685102208405,2025-10-15T11:23:12.983466,0.40387692010223175
18.536123810357466,-16.554071373773212,2.564157530301374,-4.458046653014682,7.022204183316056,2025-10-15T11:23:13.083466,0.3750024216647098
-19.1794997921718,24.192002771959395,2.8841234606996786,-3.737066240976283,6.621189701675961,2025-10-15T11:23:13.183466,0.19617795166822605
1.7103163695983454,15.977812746039397,2.7559414479172437,-4.3697099520625144,7.125651399979758,2025-10-15T11:23:13.283466,0.37644098622583055
-17.149024239847115,-11.971054525654512,2.83339753897019,-3.85904379373003,6.69244133270022,2025-10-15T11:23:13.383466,0.3816888277205808
-6.336336667700142,-9.608329284060336,2.530397548946076,-3.982206991678014,6.51260454062409,2025-10-15T11:23:13.483466,0.32090664024854876
9.46231096592571,-24.872851786187788,2.971586711386928,-4.561445448257399,7.533032159644327,2025-10-15T11:23:13.583466,0.5026883988264117
-17.78436856118489,16.101961529413614,2.8249524449825705,-3.6777476755132135,6.502700120495784,2025-10-15T11:23:13.683466,0.31730116879792125
-8.332044895283204,1.649971509344283,2.6513873930881813,-4.077450319897127,6.7288377129853085,2025-10-15T11:23:13.783466,0.2530493245787223
8.621875080180843,-7.782529508700808,3.0583758634280205,-4.968412887855969,8.02678875128399,2025-10-15T11:23:13.883466,0.48591759387735345
3.7946544540922496,1.0635684415836835,3.0152546343751827,-4.824328234687781,7.839582869062964,2025-10-15T11:23:13.983466,0.2667804182305984
12.193558240827976,2.3061549093335785,2.971061273833517,-4.931465121243125,7.902526395076642,2025-10-15T11:23:14.083466,0.32830794694113175
15.802244402376203,18.25094460338402,2.7746349441100784,-4.536267555733383,7.310902499843461,2025-10-15T11:23:14.183466,0.3910990511804284
23.187817402758938,7.089256592368606,2.5848591484842154,-4.549069197148958,7.133928345633173,2025-10-15T11:23:14.283466,0.22444974574373247
9.780330506912307,-3.908503874574638,2.9547355403043203,-5.082213409475862,8.036948949780182,2025-10-15T11:23:14.483466,0.3223537184406178
-12.365739930648505,24.635695729362403,2.76153141437942,-3.8122643740637097,6.57379578844313,2025-10-15T11:23:14.583466,0.34550569780488705
-12.366327328536558,14.15840881225504,2.6020100688605146,-3.5919541526704375,6.193964221530952,2025-10-15T11:23:14.683466,0.5880911990803253
19.770035797433238,-18.134663216075502,2.518848714294338,-4.396536857761005,6.915385572055342,2025-10-15T11:23:14.983466,0.38783147393776146
-21.75886268798472,-13.055764604941128,2.854379404796353,-4.094778526231348,6.949157931027701,2025-10-15T11:23:15.083466,0.4015053972525058
4.467989094532886,-18.94281961486948,2.913473214051103,-4.458049878729045,7.371523092780148,2025-10-15T11:23:15.283466,0.3302708561550298
-19.48207133906164,23.81439994404186,2.9434836039406083,-3.737066240976283,6.680549844916891,2025-10-15T11:23:15.483466,0.22782083501304556
15.634420910881062,17.471176128592084,2.7325466339413413,-4.536267555733383,7.268814189674725,2025-10-15T11:23:15.583466,0.4400020674494599
-0.5116106298365004,-22.732101629590098,2.800261921400175,-3.865146782175634,6.6654087035758085,2025-10-15T11:23:15.683466,0.2639850937222763
-7.3481514096923455,6.977228193530955,2.6728902168837587,-4.205421254287706,6.878311471171465,2025-10-15T11:23:15.783466,0.22114697100627853
-4.263126405768368,16.33689006894778,2.6430254894387923,-3.8079781053920456,6.451003594830838,2025-10-15T11:23:15.883466,0.3455630159542083
22.18326944728262,-4.812537176862914,2.6939233678518835,-4.736467344157996,7.4303907120098796,2025-10-15T11:23:15.983466,0.22292393237991
-3.9626240067503886,21.639330017397036,2.5930949350942916,-4.1039076632924445,6.697002598386736,2025-10-15T11:23:16.083466,0.2321395380556561
-2.3469620470670733,-22.06766525814118,2.756665740620787,-3.9030256598688773,6.659691400489664,2025-10-15T11:23:16.183466,0.30720889756051484
18.751448146712043,7.926620974175421,2.6561518032299234,-4.825714751322852,7.481866554552775,2025-10-15T11:23:16.383466,0.28927096151099146
12.055067371087524,-4.3957565436894335,2.986884755658221,-4.935971199552425,7.922855955210646,2025-10-15T11:23:16.483466,0.6225090738543009
2.3916801748048684,-0.7154257627563183,2.9437865202043434,-4.62240743568648,7.566193955890823,2025-10-15T11:23:16.683466,0.22229321879737374
8.497482877237594,-24.4604473026278,2.9363448991071186,-4.561445448257399,7.497790347364518,2025-10-15T11:23:16.783466,0.5479901375043615
-15.425500926188901,-7.610333438512573,2.83002841909363,-4.128894848710834,6.9589232678044635,2025-10-15T11:23:16.883466,0.3654274681760111
-5.584067014331218,16.54690053000619,2.4777608461128158,-3.8079781053920456,6.285738951504861,2025-10-15T11:23:16.983466,0.5901183210246757
16.945317561097752,6.64386979365953,2.7416222560144483,-4.5233301509547035,7.264952406969152,2025-10-15T11:23:17.083466,0.5498235725053626
-12.30515344184036,-7.288521333353131,2.764283521779248,-4.137240924182892,6.90152444596214,2025-10-15T11:23:17.283466,0.2601183061031929
15.247507558242354,6.936819072296213,2.813143256289308,-4.887083940493931,7.700227196783239,2025-10-15T11:23:17.383466,0.5421035611748045
-7.242571777273042,15.637976433561676,2.5374078344092728,-3.891378312727409,6.428786147136682,2025-10-15T11:23:17.483466,0.3795885814019064
6.9062983545209775,23.768430633749382,2.9846628631882313,-4.333723803965652,7.3183866671538835,2025-10-15T11:23:17.583466,0.2930598421995669
-5.805120547654681,11.306815428838277,2.42391010650661,-3.7717318641198867,6.195641970626497,2025-10-15T11:23:17.683466,0.3192638632500846
-20.277465041506943,18.081791360216002,2.907757444024853,-3.781332784846839,6.689090228871692,2025-10-15T11:23:17.783466,0.3849366122686133
-11.601352040285295,3.33876436487051,2.754994482737194,-4.264490415653383,7.019484898390577,2025-10-15T11:23:17.883466,0.2165253644612746
24.061439711068196,-20.546394986536033,2.549724059235313,-4.049346785867405,6.599070845102718,2025-10-15T11:23:17.983466,0.4500155867880109
-13.009813700981992,3.0037099146475583,2.798196753026141,-4.264490415653383,7.062687168679524,2025-10-15T11:23:18.083466,0.3133503118733962
-8.949686968962688,5.308099384717817,2.6274484131323526,-4.117931870119158,6.74538028325151,2025-10-15T11:23:18.183466,0.23056864379666434
4.920555114823216,-11.483275171043223,2.9295340971568278,-4.529895289103276,7.459429386260104,2025-10-15T11:23:18.283466,0.25109813226961086
12.64034742594525,-24.31530377019105,2.9217988932501426,-4.518493207416401,7.440292100666543,2025-10-15T11:23:18.383466,0.6338105408677461
9.984961463817129,12.535265423220586,2.8994691973455873,-4.757337402732437,7.656806600078024,2025-10-15T11:23:18.483466,0.24859209405737406
-17.315542318774696,3.070003207064566,2.93607237276282,-4.07350892594501,7.00958129870783,2025-10-15T11:23:18.583466,0.3563398373187886
-21.77562653550094,12.583795563482624,2.95346442648446,-4.048399172613807,7.001863599098266,2025-10-15T11:23:18.683466,0.37832001253743563
-0.11682537493458156,-18.3545979934422,2.7537787254658688,-4.0707373273977545,6.824516052863624,2025-10-15T11:23:18.783466,0.233963865827163
16.28659451833291,21.938426263983402,2.678850018256327,-4.4774298595786215,7.156279877834948,2025-10-15T11:23:18.883466,0.3391309663448396
-21.75487835826109,22.9751664138525,2.9045537322013812,-3.829057658336853,6.733611390538234,2025-10-15T11:23:18.983466,0.6129115781750959
-0.19228048504006523,-1.262010339086757,2.7818918539553676,-4.593560515897104,7.375452369852471,2025-10-15T11:23:19.083466,0.2899448006621989
15.920307254427357,24.939878539688507,2.8271173258376967,-4.309577491987098,7.136694817824795,2025-10-15T11:23:19.183466,0.33150551202613643
-7.648128297276578,20.18593702150315,2.5147695218021604,-3.650917271690407,6.165686793492567,2025-10-15T11:23:19.283466,0.44512911922692944
24.54386148093206,-17.885211884233893,2.6131854861244364,-4.022384538097265,6.6355700242217015,2025-10-15T11:23:19.383466,0.3424757718735071
19.113946890182092,-1.2128746493694287,2.826466676955743,-4.814173752467035,7.640640429422778,2025-10-15T11:23:19.483466,0.2442288347376431
0.6831242881501396,-22.322142406544877,2.8573752118220717,-3.865146782175634,6.722521993997706,2025-10-15T11:23:19.583466,0.22450598832902194
-7.409477705077666,-19.659305986510944,2.5180303122891985,-3.71948713009819,6.2375174423873885,2025-10-15T11:23:19.783466,0.26177834517010984
-2.100954194312436,7.573668412907871,2.7313726096671056,-4.539205200918269,7.270577810585374,2025-10-15T11:23:19.883466,0.38372045044424574
11.083128304539805,7.865031065996938,2.924685066829892,-4.885479639311189,7.810164706141081,2025-10-15T11:23:19.983466,0.5749483190200795
-10.720739431531994,15.202719275825451,2.510563940956198,-3.841480766929406,6.352044707885604,2025-10-15T11:23:20.083466,0.2738016994379028
-22.303311691381204,1.7405524870618692,3.031636454108721,-4.419256272130226,7.450892726238947,2025-10-15T11:23:20.183466,0.32293026878100334
-0.7133643968692027,12.66414276393801,2.7368282879954138,-4.131589598753448,6.868417886748862,2025-10-15T11:23:20.283466,0.4110513897164006
-12.915368683494815,-20.063322065693058,2.6790316622371164,-3.728867878416078,6.407899540653194,2025-10-15T11:23:20.383466,0.3211738923971098
0.9847930677070131,23.889488755202144,2.934738850338523,-4.1607044621396945,7.095443312478217,2025-10-15T11:23:20.483466,0.24222498145493734
12.144317511340212,20.63665493761941,2.9811917686338805,-4.66195807099557,7.64314983962945,2025-10-15T11:23:20.583466,0.2748068883191806
14.367147638075394,6.563308860020079,2.8081433928731094,-5.0350824791722175,7.843225872045327,2025-10-15T11:23:20.683466,0.21978882731769406
2.368244585298239,-9.534138278088916,2.8941617121631977,-4.716756620115177,7.610918332278375,2025-10-15T11:23:20.783466,0.4577465989318783
23.960860187599785,8.83855851265917,2.558323227856021,-4.549069197148958,7.107392425004979,2025-10-15T11:23:20.883466,0.2600112000125214
2.9567956167919753,19.811618630784373,2.7582587257175177,-4.149173448075278,6.907432173792796,2025-10-15T11:23:20.983466,0.2640905415188703
-8.81144600566774,19.864235984566584,2.5612849669183486,-3.650917271690407,6.212202238608755,2025-10-15T11:23:21.083466,0.3685121736220302
-5.034432846128027,17.685253407789773,2.5713307304599335,-3.9507162480252838,6.522046978485218,2025-10-15T11:23:21.183466,0.28077411912733347
18.719874954277884,-7.317207869360903,2.703490001633245,-4.812712598031978,7.516202599665223,2025-10-15T11:23:21.283466,0.27914340022649264
0.29692563266749517,-0.5500232512641041,2.858355214324177,-4.590053422341741,7.448408636665919,2025-10-15T11:23:21.383466,0.2799730112808601
-9.976664587345951,9.873498175133008,2.6713504198567657,-3.8775530156173454,6.548903435474111,2025-10-15T11:23:21.483466,0.22970687123902234
-18.943143722734263,-21.203932552970993,2.7735257929481016,-3.699624865327425,6.473150658275527,2025-10-15T11:23:21.583466,0.30740945953248555
13.6965678417954,-22.577215248532802,2.7921403330263312,-4.470827244131146,7.262967577157477,2025-10-15T11:23:21.683466,0.36745948256092953
-12.243751010922244,-10.407815852815178,2.5526963294235987,-4.125308091280091,6.678004420703689,2025-10-15T11:23:21.783466,0.2635714033767207
-1.0377122709086315,-9.217999171438906,2.8067339052234135,-4.285927283289938,7.092661188513352,2025-10-15T11:23:21.883466,0.2703076821359202
10.140396607731944,21.86133359425382,2.906450253711158,-4.66195807099557,7.568408324706727,2025-10-15T11:23:22.083466,0.3197120042060412
-9.788277417927599,-21.963738641148993,2.568063865872512,-3.5786554464113314,6.146719312283843,2025-10-15T11:23:22.183466,0.39185342668687934
20.11374470924362,-18.99942198428034,2.5391175811935254,-4.396536857761005,6.93565443895453,2025-10-15T11:23:22.383466,0.3718143782970953
19.058317526531923,18.85007923234192,2.5487785842524717,-4.591312472228699,7.140091056481171,2025-10-15T11:23:22.483466,0.3203873006150662
5.792291197264536,20.593044113797426,2.9148112858615414,-4.474234379972458,7.389045665833999,2025-10-15T11:23:22.583466,0.26210319171841995
10.654207144276796,-4.895895163534213,3.061184688171069,-5.082213409475862,8.143398097646932,2025-10-15T11:23:22.683466,0.27453871611059133
6.719119008203471,-10.6631262320457,2.9062709776165834,-4.719319074782146,7.62559005239873,2025-10-15T11:23:22.783466,0.6870562628965377
-8.036469144354019,-9.361324720940706,2.5438512809440708,-3.864636831370233,6.408488112314304,2025-10-15T11:23:22.883466,0.3099633259738298
14.31511851790912,18.72460343039843,2.843479446254813,-4.6507992037644295,7.494278650019242,2025-10-15T11:23:22.983466,0.22365506547803846
-3.677937299457053,-1.5981520784632615,2.734049126700132,-4.46974119053742,7.2037903172375515,2025-10-15T11:23:23.083466,0.6292222384966376
22.207784404364972,3.3315290263997923,2.6691729260429655,-4.569515023836826,7.238687949879791,2025-10-15T11:23:23.183466,0.25015477567882377
-0.47096810956219315,-8.940107453835257,2.7760734526353446,-4.285927283289938,7.062000735925283,2025-10-15T11:23:23.283466,0.24267778738152201
24.7458709198134,-10.381267886496042,2.5062783411776848,-4.331152589482223,6.837430930659908,2025-10-15T11:23:23.383466,0.23130656321288134
15.274651991235991,6.351081815682612,2.877112402032265,-4.887083940493931,7.764196342526196,2025-10-15T11:23:23.483466,0.42539301567443755
21.01622272657577,-24.869188792917896,2.65429607315187,-4.268245176545335,6.922541249697205,2025-10-15T11:23:23.583466,0.3985704189866637
-14.303888503931661,7.244815703676984,2.8395954637005776,-4.005521782856401,6.8451172465569785,2025-10-15T11:23:23.683466,0.2365790685112602
11.049255666711794,-19.236868889722167,2.91027903973672,-4.428546369114729,7.338825408851449,2025-10-15T11:23:23.783466,0.20464695909598607
-20.498616927245365,24.331474539566507,3.0129845750480855,-3.762876805600472,6.775861380648557,2025-10-15T11:23:23.883466,0.3089877491582478
-24.55213101915506,-0.6655678231790354,3.0635805705994654,-4.708860522198424,7.772441092797889,2025-10-15T11:23:23.983466,0.32693906687010316
-20.460626755703466,-15.27630530837486,2.849566155282638,-3.9832829659071685,6.832849121189806,2025-10-15T11:23:24.183466,0.37028228550379516
23.323015849903015,21.046564592200113,2.6597251012568996,-4.103567637792103,6.763292739049002,2025-10-15T11:23:24.283466,0.25557153633095264
10.018469668405807,-22.2258275508865,2.983338195946155,-4.395079140439092,7.378417336385247,2025-10-15T11:23:24.383466,0.2888753857530203
4.71664997779558,-6.838487948909723,2.953270984696462,-4.732027959025055,7.685298943721517,2025-10-15T11:23:24.483466,0.27530798935229733
-13.411948559150783,-2.527270396121885,2.8087337603890568,-4.029375412639201,6.838109173028258,2025-10-15T11:23:24.583466,0.25310908239100766
-17.546328435422716,-2.0761722065007966,3.029633828874598,-4.182239245814534,7.211873074689132,2025-10-15T11:23:24.683466,0.2680336508143035
-5.007381796680654,-1.9722198190234224,2.821300945617073,-4.46974119053742,7.291042136154493,2025-10-15T11:23:24.783466,0.4050601505281725
7.820551355122504,13.10218443860947,2.8477237337155366,-4.737858426805816,7.585582160521352,2025-10-15T11:23:24.883466,0.44112592003388246
1.7466485566849528,5.863937386445599,2.9309237981685494,-4.586837248077726,7.517761046246276,2025-10-15T11:23:24.983466,0.26251864902520733
-20.129506301701756,2.4269029030905287,3.0422131361686278,-4.2936971580694765,7.335910294238104,2025-10-15T11:23:25.083466,0.3207140920227038
16.596947399034306,-8.13278783587867,2.6812494661831314,-4.9046222032782785,7.58587166946141,2025-10-15T11:23:25.183466,0.29395806316604167
6.370859413877078,21.155440729161732,2.9523754649695713,-4.656812205129726,7.609187670099297,2025-10-15T11:23:25.383466,0.2882201134763746
-19.066880045846744,-6.659871093802305,2.9897582615256093,-4.160826120147155,7.150584381672764,2025-10-15T11:23:25.483466,0.5690695436385951
4.328793382816297,-14.485479811028112,2.905487778868347,-4.36607269602086,7.271560474889206,2025-10-15T11:23:25.583466,0.3448014401134966
-22.00937776081918,-22.015348831034242,2.8219717348541935,-3.846375260959636,6.668346995813829,2025-10-15T11:23:25.683466,0.3696480822515643
10.956693721935956,-9.247846192038311,2.8906699867844976,-4.9499195248754155,7.840589511659913,2025-10-15T11:23:25.783466,0.4177457561047764
11.550826410698704,8.382971363224918,2.9678216526148895,-4.788790131747137,7.756611784362027,2025-10-15T11:23:25.883466,0.21153986331853789
-9.459526018008296,15.543235082091797,2.405364735955843,-3.841480766929406,6.2468455028852485,2025-10-15T11:23:26.083466,0.2043554851438904
1.616319166344919,5.230557754737319,2.905930799312422,-4.586837248077726,7.492768047390149,2025-10-15T11:23:26.183466,0.2531944251638191
-20.576322125638633,-16.269248090921245,2.8964135087474996,-3.925046815913139,6.821460324660638,2025-10-15T11:23:26.283466,0.24104837924535766
9.147124594849053,5.168675353797859,3.0093824352319265,-5.151775066136694,8.16115750136862,2025-10-15T11:23:26.383466,0.3420612142519887
-6.442106743024663,-11.559172642375653,2.549541614824977,-3.9637491301622907,6.513290744987268,2025-10-15T11:23:26.483466,0.4056585921155905
-10.963170615658091,11.007705221128916,2.5238040459090545,-3.7567370632717285,6.280541109180783,2025-10-15T11:23:26.583466,0.264984634934281
20.820582644106707,-6.713915630980416,2.615372661488508,-4.772958653834663,7.388331315323171,2025-10-15T11:23:26.683466,0.34567639353583945
-4.1581305660763554,-23.464792211477004,2.5571856426059654,-3.8327151305245435,6.389900773130509,2025-10-15T11:23:26.783466,0.3108580089433216
-2.138134005235319,0.6340406354697663,2.8309975051697336,-4.435224701348299,7.266222206518033,2025-10-15T11:23:26.883466,0.35500990506304747
23.275336944505746,-4.909548294704042,2.64498592530297,-4.736467344157996,7.381453269460966,2025-10-15T11:23:26.983466,0.3531316960494555
-12.530510265386791,17.642321822863217,2.643980775635108,-3.611044440597449,6.255025216232557,2025-10-15T11:23:27.083466,0.46472257942932693
15.471909001195087,12.41421649289235,2.7136710335077927,-4.924036618321788,7.63770765182958,2025-10-15T11:23:27.183466,0.5287138386246141
-16.05366487684411,21.375864982494754,2.703200992194965,-3.4942575007957695,6.197458492990735,2025-10-15T11:23:27.383466,0.6300121346491815
-12.65497433292057,1.286295924970176,2.771989104534261,-4.264490415653383,7.036479520187644,2025-10-15T11:23:27.583466,0.1767697746966214
-17.115771497348895,7.364853226526478,2.8674835133384065,-4.007449603772535,6.874933117110942,2025-10-15T11:23:27.783466,0.23894606851049455
21.167862889304992,-9.726590466529583,2.5539523040619225,-4.66686626838729,7.220818572449213,2025-10-15T11:23:27.883466,0.43128796648887147
10.73937650235004,15.203525927597887,2.9022816908110123,-4.647969976264487,7.550251667075499,2025-10-15T11:23:27.983466,0.5134161155188839
-23.67823997509183,-10.203101738084152,2.9847249731544108,-4.369343864131455,7.354068837285865,2025-10-15T11:23:28.083466,0.4851244373771159
22.911179452300154,-19.72156038564895,2.5873939721467636,-4.049346785867405,6.636740758014168,2025-10-15T11:23:28.183466,0.3142643829959398
1.1230900924440945,-5.842070155072598,2.825393674690037,-4.786350678514591,7.611744353204628,2025-10-15T11:23:28.283466,0.2563630825798153
14.358280102077558,17.696103815528645,2.7602768406146327,-4.536267555733383,7.2965443963480165,2025-10-15T11:23:28.383466,0.20646451262997312
14.619821772386786,8.77658645721052,2.8267504945539264,-5.0350824791722175,7.861832973726144,2025-10-15T11:23:28.483466,0.2849781038601375
-7.836205424990556,24.560221981860906,2.6087980563336854,-3.777814745856741,6.3866128021904265,2025-10-15T11:23:28.583466,0.3022462586393155
8.311044365272409,-5.655292323969835,2.9800114365905532,-4.891868550540427,7.87187998713098,2025-10-15T11:23:28.683466,0.22362731867646615
-18.215034264976165,15.562201111986631,2.788939295222124,-3.8143742682736983,6.603313563495822,2025-10-15T11:23:28.783466,0.48229698870902177
-3.71081782853922,0.23123082821106422,2.750113405018004,-4.435224701348299,7.185338106366303,2025-10-15T11:23:28.883466,0.3542437259435506
10.55764193040644,-10.294228646069742,2.9964597292374267,-4.9499195248754155,7.946379254112842,2025-10-15T11:23:28.983466,0.3292487836718443
19.665045497533548,-11.430716699401817,2.575730163975682,-4.66686626838729,7.242596432362972,2025-10-15T11:23:29.083466,0.26063719518264267
18.428157787571614,12.573804900630705,2.6548873768125114,-4.638797550787986,7.293684927600498,2025-10-15T11:23:29.183466,0.5080154852247334
-23.40143183079308,-9.18965099687194,2.894934834703788,-4.369343864131455,7.264278698835243,2025-10-15T11:23:29.283466,0.3745765596610731
-2.280289447123181,-0.14163598950151624,2.829272367721148,-4.435224701348299,7.2644970690694475,2025-10-15T11:23:29.383466,0.41958721612862704
7.879942688440664,13.327033170401762,2.9323509322689083,-4.73571230847628,7.668063240745189,2025-10-15T11:23:29.483466,0.21500575522633045
12.521528913892112,-16.00563630350802,2.812249482776132,-4.704503265621027,7.51675274839716,2025-10-15T11:23:29.583466,0.4908948194615493
-6.552298218494418,-24.657870029255285,2.6821495889631164,-3.6515299374173926,6.333679526380509,2025-10-15T11:23:29.683466,0.4890691278077962
-13.467908049812394,11.944507419557752,2.646944291186923,-3.7567370632717285,6.4036813544586515,2025-10-15T11:23:29.983466,0.37508721915871646
6.082731636968862,3.0212252812619127,3.1108773177678364,-4.8660967660364784,7.976974083804315,2025-10-15T11:23:30.183466,0.359777584973124
-4.009602605904377,17.148298787957714,2.576527717473134,-3.9507162480252838,6.527243965498418,2025-10-15T11:23:30.283466,0.38747162116961714
-21.46102146639083,-5.830380376639038,3.0488941704637558,-4.3054811343534585,7.354375304817214,2025-10-15T11:23:30.483466,0.510858459523513
-4.952671835261352,-5.168269069579125,2.6583766976813847,-4.215175837962324,6.873552535643709,2025-10-15T11:23:30.583466,0.34878564354392205
-2.003471310211218,11.673037393930592,2.608988956239019,-4.014599953277175,6.623588909516194,2025-10-15T11:23:30.683466,0.24987377275808384
-20.719863337370832,22.715227805442296,2.953908170026456,-3.737066240976283,6.690974411002738,2025-10-15T11:23:30.783466,0.5691254857630331
5.250852217759537,19.73993897234042,2.867702161955085,-4.245063503253729,7.112765665208814,2025-10-15T11:23:30.883466,0.28211944021364815
17.760830470759167,2.010968516433909,2.7918812516962714,-5.079794673960129,7.871675925656401,2025-10-15T11:23:30.983466,0.20801848828866887
-24.645521069555848,10.57551728980252,2.9749370855414714,-4.1686201851937685,7.14355727073524,2025-10-15T11:23:31.083466,0.27731009057918576
13.172737074818123,3.4119347577052217,2.991290143837528,-5.1323398027998435,8.123629946637372,2025-10-15T11:23:31.183466,0.3014133381491601
-15.798898188828082,2.721246944296663,2.8894715609817814,-4.07350892594501,6.962980486926791,2025-10-15T11:23:31.283466,0.45075974419534015
14.81259691775481,-0.08358291758952419,3.0302130763452735,-5.18731825464971,8.217531330994984,2025-10-15T11:23:31.383466,0.21716376967320836
-9.285266430066219,13.176111604511007,2.520574133361145,-3.789979680499311,6.310553813860456,2025-10-15T11:23:31.483466,0.20253988820519706
-19.965943316191073,-6.592119187490809,2.899197529870139,-4.160826120147155,7.0600236500172935,2025-10-15T11:23:31.683466,0.3504113947310166
-7.288038782349226,11.48367550176895,2.555059134872529,-3.7717318641198867,6.326790998992416,2025-10-15T11:23:31.783466,0.3964079485586863
6.76568729708865,-18.70796396770676,2.8568727550710706,-4.379770823050682,7.236643578121753,2025-10-15T11:23:31.883466,0.3644086888932551
11.59945355612588,-24.661343431377446,2.974235804908581,-4.238937489044017,7.213173293952598,2025-10-15T11:23:31.983466,0.5321054923983324
17.00768274250853,20.167306026198716,2.6531598697678644,-4.274886415443758,6.9280462852116225,2025-10-15T11:23:32.083466,0.25421698088612543
5.039183869994741,-1.1926018951190152,3.107357023117536,-5.002161321545522,8.109518344663059,2025-10-15T11:23:32.283466,0.24515253762230896
-21.748108856324883,-16.821969895636556,2.9400205321246635,-3.925046815913139,6.865067348037803,2025-10-15T11:23:32.383466,0.19812247389741156
14.108483385872766,-1.4874489816848957,2.967441096931715,-5.127403507346026,8.09484460427774,2025-10-15T11:23:32.483466,0.40222104380259666
23.116458162669943,-23.210830930525827,2.676004951534,-4.059986448751831,6.7359914002858305,2025-10-15T11:23:32.583466,0.35874069827912686
18.32248019424005,17.222121020299284,2.66986514942542,-4.638162048897609,7.308027198323029,2025-10-15T11:23:32.683466,0.2938026003754579
-11.457324371479633,10.936354846466969,2.5742368794578687,-3.7567370632717285,6.330973942729598,2025-10-15T11:23:32.783466,0.3499585461145564
-20.670019395527046,13.369479418030117,2.9012844074137063,-4.056481748710975,6.957766156124681,2025-10-15T11:23:33.083466,0.22620311937331516
3.773971023489999,8.868831778409863,3.021318808927267,-4.797456331109446,7.818775140036713,2025-10-15T11:23:33.183466,0.25676096500759477
-18.84639602372814,-17.218251634306903,2.7708875455326174,-3.925046815913139,6.695934361445756,2025-10-15T11:23:33.283466,0.17657100900136047
-9.333445824293262,2.5026585455045094,2.7179612629432017,-4.077450319897127,6.7954115828403285,2025-10-15T11:23:33.483466,0.4325859859568118
17.445063256364335,-8.222145093395149,2.657524973519246,-4.9046222032782785,7.562147176797525,2025-10-15T11:23:33.583466,0.21212186752008907
3.8435429799725753,-11.277727499293084,2.9151253270952044,-4.529895289103276,7.44502061619848,2025-10-15T11:23:33.683466,0.5030278013208574
7.684596954374236,14.03957265699377,2.950178179445271,-4.73571230847628,7.685890487921551,2025-10-15T11:23:33.783466,0.18361318753019926
-14.90007306340988,18.101740491125668,2.701739149381941,-3.7069063670339206,6.408645516415861,2025-10-15T11:23:33.883466,0.23721114137057245
-17.958740789687916,14.907023927520783,2.838024684601464,-3.8143742682736983,6.652398952875162,2025-10-15T11:23:33.983466,0.34752811031709324
0.949051320448703,-9.106697695792821,2.8264380792100874,-4.542688269924235,7.369126349134323,2025-10-15T11:23:34.083466,0.4103435712931105
3.9347597924083537,-21.589507793168234,2.904396395880785,-4.228988542528195,7.13338493840898,2025-10-15T11:23:34.283466,0.18713173743042652
-17.859086944495335,-13.578506264079143,2.7841141787325094,-3.85904379373003,6.643157972462539,2025-10-15T11:23:34.483466,0.24703442934811884
17.322809754213985,-1.7982475318447158,2.8778909740967196,-4.814173752467035,7.692064726563754,2025-10-15T11:23:34.583466,0.36056911983880713
6.566592534151418,18.01275652236523,2.8599946689031936,-4.495622324483421,7.355616993386614,2025-10-15T11:23:34.783466,0.19763746005916413
-18.50607667030731,12.861434237304067,2.888154188276408,-3.8244806699572784,6.712634858233686,2025-10-15T11:23:34.883466,0.22371041965131272
3.750147170119739,-15.912534776132281,2.856450068985211,-4.410816974506546,7.267267043491757,2025-10-15T11:23:34.983466,0.26596099653612676
-19.111544175429568,-11.307140775692288,2.8203407129948515,-3.747809701244691,6.568150414239542,2025-10-15T11:23:35.083466,0.4586952125066906
-15.922285953793857,-8.689652812429514,2.8483553766607095,-4.158630078422245,7.006985455082955,2025-10-15T11:23:35.183466,0.2925860195487591
1.692466883175424,-6.487182034018012,2.8681095011080924,-4.542688269924235,7.410797771032327,2025-10-15T11:23:35.283466,0.41197180804440264
11.401098019261028,1.029712187773736,2.9960223309312695,-5.075782022179292,8.071804353110561,2025-10-15T11:23:35.383466,0.1787334854842159
-10.741877801843442,-14.782605050943666,2.5446759081296744,-3.671691908744261,6.216367816873936,2025-10-15T11:23:35.483466,0.288893645553373
8.901955003353542,-8.913758149851102,2.9997180855630194,-4.968412887855969,7.9681309734189885,2025-10-15T11:23:35.583466,0.2659981773068001
11.068834737010796,3.829110844391405,3.0805323691221913,-5.075782022179292,8.156314391301484,2025-10-15T11:23:35.683466,0.18010784374582514
-19.726662417310997,-24.656587975368744,3.0044798490479727,-3.866414251877086,6.870894100925058,2025-10-15T11:23:35.783466,0.2954999548334375
18.023623017352982,-7.315952440705907,2.671059496111642,-4.9046222032782785,7.5756816993899205,2025-10-15T11:23:35.883466,0.16833955737671163
5.220646255594318,-20.165137475560446,2.814187932306631,-4.458049878729045,7.2722378110356765,2025-10-15T11:23:35.983466,0.33101382870511825
-23.389010897539542,-7.9831897172699655,2.9596375232424545,-4.377341706560004,7.336979229802458,2025-10-15T11:23:36.083466,0.2632895452185123
-0.3712756106970261,13.99460046924412,2.681697619995144,-4.3697099520625144,7.051407572057658,2025-10-15T11:23:36.283466,0.20467143060476778
5.768628725567339,14.139454790327655,2.8996211066780866,-4.73571230847628,7.635333415154367,2025-10-15T11:23:36.383466,0.1729168643129002
-16.943547453368346,-8.316513958561394,2.8836934352046093,-4.158630078422245,7.0423235136268545,2025-10-15T11:23:36.583466,0.3385631709363348
3.811501556409386,6.776147789995285,2.956589476842558,-4.797456331109446,7.754045807952004,2025-10-15T11:23:36.783466,0.29049532214767954
4.510471608258477,-1.739378787625224,3.0157735615266588,-5.002161321545522,8.017934883072181,2025-10-15T11:23:36.883466,0.2560131696687712
18.128964099841845,-10.246203460788001,2.6530416496375233,-4.839905561164604,7.492947210802127,2025-10-15T11:23:36.983466,0.36341211707642435
-15.920380573195187,-21.750789414139298,2.8515481344886084,-3.7146425518543147,6.566190686342923,2025-10-15T11:23:37.083466,0.3409304624784853
11.598795291076556,-22.646353773612027,2.88268274966227,-4.470827244131146,7.353509993793416,2025-10-15T11:23:37.183466,0.28547680715091694
6.846634888353737,-1.2429523998439151,3.092125105346895,-5.008294056710391,8.100419162057285,2025-10-15T11:23:37.283466,0.2124030800184191
17.361183568909198,-0.5837172969755002,2.8045163494281606,-4.832872123808929,7.63738847323709,2025-10-15T11:23:37.583466,0.3608302936800579
23.100077542297505,-5.9926455698737335,2.698036554567282,-4.665193342867374,7.363229897434656,2025-10-15T11:23:37.683466,0.44695632575888644
21.598614571006316,-2.0016758209518137,2.724803192244705,-4.875716777416202,7.600519969660907,2025-10-15T11:23:37.883466,0.4317541930532696
3.2816831542891443,13.911472770699326,2.912078405612347,-4.4298673167123495,7.341945722324697,2025-10-15T11:23:37.983466,0.4959542325846661
-1.5171428557138888,-11.582239142295887,2.671978039905908,-4.281115399254369,6.953093439160277,2025-10-15T11:23:38.083466,0.3535538349617462
13.436497992261927,3.223411897753298,3.009514719455707,-5.1323398027998435,8.14185452225555,2025-10-15T11:23:38.183466,0.2669498395565074
13.349303967820944,10.087893183435817,2.779620207779831,-4.915060430680379,7.69468063846021,2025-10-15T11:23:38.283466,0.2878284673022514
14.327755751054774,4.247542793258585,2.8454256329765264,-5.1323398027998435,7.977765435776369,2025-10-15T11:23:38.483466,0.19825910472707742
-11.312793021464396,-12.098505246409058,2.563305117627518,-3.999338504266972,6.56264362189449,2025-10-15T11:23:38.583466,0.4122883719559023
16.302495610488265,-2.65245601308467,2.891581831794641,-5.174466805715396,8.066048637510038,2025-10-15T11:23:38.683466,0.25524416292959734
-22.810491402604697,5.842278182849153,3.001212372496273,-4.213598715183517,7.21481108767979,2025-10-15T11:23:38.783466,0.2928922271735843
-4.545904391160587,-11.924778147183412,2.4798152361708876,-3.9529478071418156,6.432763043312703,2025-10-15T11:23:38.883466,0.6180625390569505
4.378976886267111,-10.403407406613418,2.9353124208348813,-4.716756620115177,7.6520690409500585,2025-10-15T11:23:38.983466,0.24595056779806784
-15.265046374887381,14.629890746151652,2.6632931552555936,-3.636751786549092,6.3000449418046855,2025-10-15T11:23:39.083466,0.3479070465832351
18.818883711567857,-6.186861574333513,2.8306177815605356,-4.812712598031978,7.643330379592514,2025-10-15T11:23:39.183466,0.2788738250172216
11.593685968261553,2.4097566011840215,3.035812255549372,-4.931465121243125,7.967277376792497,2025-10-15T11:23:39.283466,0.32979336459742026
-2.741627160347292,4.120251379665511,2.6942396782967415,-4.3199766842297,7.014216362526442,2025-10-15T11:23:39.383466,0.3919148820799449
23.70909077721881,-5.097084329975559,2.7792234596768615,-4.736467344157996,7.5156908038348575,2025-10-15T11:23:39.483466,0.4862934896021658
-11.799022992717834,20.162603787070616,2.6531642591520286,-3.456588638704308,6.109752897856337,2025-10-15T11:23:39.583466,0.20407132535677006
21.108013950116487,9.595696955959923,2.677226223055249,-4.700454547550942,7.377680770606191,2025-10-15T11:23:39.683466,0.19710710872946596
-21.81386511926589,-11.998355919397486,2.8922764735529776,-4.094778526231348,6.987054999784325,2025-10-15T11:23:39.783466,0.17972427037823663
-17.239020495328944,9.60745353816526,2.862974688611177,-4.007449603772535,6.870424292383712,2025-10-15T11:23:39.883466,0.45189980919446543
19.447437358152882,22.150123913240556,2.537726278255821,-4.274886415443758,6.812612693699579,2025-10-15T11:23:39.983466,0.34007450884534257
-22.050781583179724,-23.759592278076614,3.0206859027822985,-3.619388326872672,6.640074229654971,2025-10-15T11:23:40.083466,0.365743824359286
14.315441540757803,-14.980324589644361,2.7623962135805744,-4.583575940476965,7.34597215405754,2025-10-15T11:23:40.183466,0.227516358047373
-6.228970216592511,13.474097074036642,2.5802046451821425,-3.9723999952222604,6.552604640404403,2025-10-15T11:23:40.283466,0.5094802974886425
10.199716740314301,14.315088506106093,2.7970873800662295,-4.745786778507823,7.542874158574053,2025-10-15T11:23:40.383466,0.32403276615353555
-12.968030122249512,-23.446230030326376,2.663615093192061,-3.566070552265362,6.2296856454574225,2025-10-15T11:23:40.483466,0.7286047840442257
-13.405867004552263,2.9813451740453125,2.8677455384438693,-4.198165300333825,7.065910838777694,2025-10-15T11:23:40.583466,0.27196042913742036
-6.51732188896111,3.167055642779008,2.7783622031127457,-4.077450319897127,6.855812523009873,2025-10-15T11:23:40.783466,0.2975354545566638
-20.049298414139688,-23.711609890312523,2.838153122210699,-3.866414251877086,6.704567374087786,2025-10-15T11:23:40.883466,0.3021518880778569
-10.880332961267152,19.986775240496115,2.608158940244298,-3.456588638704308,6.064747578948606,2025-10-15T11:23:41.083466,0.1792755162611105
1.8516292625341784,-16.547921139986155,2.7683673101177995,-4.410816974506546,7.179184284624346,2025-10-15T11:23:41.183466,0.3010046687261076
-5.810660671288247,20.18609469878413,2.5922402299404226,-3.881626188602077,6.4738664185424994,2025-10-15T11:23:41.383466,0.2534088136272205
-15.506164289137297,19.590091955195795,2.6630671380750055,-3.4942575007957695,6.157324638870775,2025-10-15T11:23:41.483466,0.25362586635754336
3.5586510616613545,-14.390292459058934,2.7728081010752312,-4.36607269602086,7.138880797096091,2025-10-15T11:23:41.583466,0.5562754378521043
-1.8123041558816624,-3.5116872159515076,2.8113896103371623,-4.263179643879703,7.074569254216866,2025-10-15T11:23:41.683466,0.24953169761428093
-3.0918593147686586,-5.663217914840583,2.704723695387642,-4.263179643879703,6.9679033392673455,2025-10-15T11:23:41.783466,0.22915408759341305
22.303954285226332,-23.3394841745681,2.703533432835729,-4.059986448751831,6.763519881587559,2025-10-15T11:23:42.083466,0.39042156286455904
-10.145848723863892,7.221180760100708,2.5514259723488566,-4.128134573554434,6.679560545903291,2025-10-15T11:23:42.183466,0.3147605419387056
-20.663611744608396,22.281151065381053,3.030363095901911,-3.737066240976283,6.767429336878195,2025-10-15T11:23:42.283466,0.4319659299613687
21.61580720814019,-13.355008070245544,2.4611234143247525,-4.492029211729251,6.953152626054003,2025-10-15T11:23:42.383466,0.5760024159396213
-17.787254179256085,-3.209267889686224,2.998237095514403,-4.14349844701035,7.141735542524753,2025-10-15T11:23:42.483466,0.34444168909389244
-0.8336933112305758,0.47760360518531186,2.912213878696948,-4.759908883102496,7.672122761799445,2025-10-15T11:23:42.583466,0.2958138346604503
7.818287332792281,-23.63663590635997,2.970776581826778,-4.288898233415958,7.259674815242736,2025-10-15T11:23:42.683466,0.4636724955209329
24.903976971014387,8.659524103012252,2.5913877394127702,-4.549069197148958,7.140456936561728,2025-10-15T11:23:42.883466,0.33150884117424595
2.203951290069554,-14.273439205658256,2.851299109394014,-4.1238952870186045,6.975194396412618,2025-10-15T11:23:42.983466,0.28603001700244873
12.214787198554205,22.484724778178887,2.9420347290205013,-4.272680596021708,7.214715325042209,2025-10-15T11:23:43.083466,0.4844111115538323
24.940518255988692,-21.08343770684173,2.600093281834843,-4.094647502122581,6.694740783957424,2025-10-15T11:23:43.183466,0.443124894851305
-10.988508569503653,-21.464111139118287,2.556999560146123,-3.5786554464113314,6.135655006557455,2025-10-15T11:23:43.283466,0.2563618335976837
19.358790823173408,11.385187922316959,2.5577399582533507,-4.638797550787986,7.196537509041336,2025-10-15T11:23:43.383466,0.2546959704427386
7.8548844189599265,-17.29519303822555,2.8400068538189434,-4.37314426874002,7.213151122558964,2025-10-15T11:23:43.483466,0.3051108102396319
2.427335613565546,3.762622010295246,2.8931839545420157,-4.736552456278534,7.629736410820549,2025-10-15T11:23:43.583466,0.4208531288535037
-1.5820849833300628,14.348363972816543,2.6633906111912236,-4.131589598753448,6.794980209944671,2025-10-15T11:23:43.683466,0.2343553509237177
-24.977021188646077,1.6153459119811586,2.8973041005285762,-4.560197511211902,7.4575016117404775,2025-10-15T11:23:43.783466,0.3288450539712432
19.90398735098767,-16.62957869800293,2.632421611251356,-4.569517276284938,7.201938887536294,2025-10-15T11:23:43.883466,0.23110411927022206
-2.9901716163840284,-15.287972577518676,2.5554195445441863,-3.9904217697884814,6.545841314332668,2025-10-15T11:23:43.983466,0.32872687883664603
14.437580424690495,-2.840989229679863,2.939672775431806,-5.057556666362192,7.997229441793998,2025-10-15T11:23:44.083466,0.2669893067178122
-17.954707890246347,-8.263413689461835,2.8260488838301465,-4.158630078422245,6.984678962252392,2025-10-15T11:23:44.183466,0.24441897119516556
-8.004273415529024,18.493830359466948,2.507172291467954,-3.569193182776635,6.076365474244589,2025-10-15T11:23:44.483466,0.2150584584907439
21.795902456622166,-11.936852111105456,2.538893139620799,-4.492029211729251,7.03092235135005,2025-10-15T11:23:44.583466,0.49928559609980766
